{
   "$id":"http://example.com/example.json",
   "type":"object",
   "definitions":{
      "partner":{
        "$id":"#/definitions/partner",
         "type":"object",
         "properties":{
            "cust-num":{
               "$id":"/properties/order/properties/partner/properties/cust-num",
               "type":"string",
               "title":"The Cust-num Schema",
               "default":"",
               "examples":[
                  "219999999"
               ],
               "minLength":1,
               "maxLength":10
            },
            "name-1":{
               "$id":"/properties/order/properties/partner/properties/name-1",
               "type":"string",
               "title":"The Name-1 Schema",
               "default":"",
               "examples":[
                  "WH COLLINS LIMITED"
               ],
               "minLength":1,
               "maxLength":35
            },
            "name-2":{
               "$id":"/properties/order/properties/partner/properties/name-2",
               "type":"string",
               "title":"The Name-2 Schema",
               "default":"",
               "examples":[
                  "DIMSEY"
               ],
               "minLength":1,
               "maxLength":35
            },
            "street":{
               "$id":"/properties/order/properties/partner/properties/street",
               "type":"string",
               "title":"The Street Schema",
               "default":"",
               "examples":[
                  "APT C MARBLEHEAD CT"
               ],
               "minLength":1,
               "maxLength":35
            },
            "street2":{
               "$id":"/properties/order/properties/partner/properties/street2",
               "type":"string",
               "title":"The Street2 Schema",
               "default":"",
               "examples":[
                  "APT C MARBLEHEAD CT"
               ],
               "minLength":1,
               "maxLength":10
            },
            "country":{
               "$id":"/properties/order/properties/partner/properties/country",
               "type":"string",
               "title":"The Country Schema",
               "default":"",
               "examples":[
                  "US"
               ],
               "minLength":1,
               "maxLength":3
            },
            "country-code":{
               "$id":"/properties/order/properties/partner/properties/country-code",
               "type":"string",
               "title":"The Country-code Schema",
               "default":"",
               "examples":[
                  "US"
               ],
               "minLength":1,
               "maxLength":2
            },
            "postal-code":{
               "$id":"/properties/order/properties/partner/properties/postal-code",
               "type":"string",
               "title":"The Postal-code Schema",
               "default":"",
               "examples":[
                  "41211"
               ],
               "minLength":1,
               "maxLength":10
            },
            "city":{
               "$id":"/properties/order/properties/partner/properties/city",
               "type":"string",
               "title":"The City Schema",
               "default":"",
               "examples":[
                  "COLUMBUS"
               ],
               "minLength":1,
               "maxLength":35
            },
            "region":{
               "$id":"/properties/order/properties/partner/properties/region",
               "type":"string",
               "title":"The Region Schema",
               "default":"",
               "examples":[
                  "OH"
               ],
               "minLength":1,
               "maxLength":3
            },
            "telephone":{
               "$id":"/properties/order/properties/partner/properties/telephone",
               "type":"string",
               "title":"The Telephone Schema",
               "default":"",
               "examples":[
                  "6146487669"
               ],
               "minLength":1,
               "maxLength":16
            },
            "tax-jurisdiction-code":{
               "$id":"/properties/order/properties/partner/properties/tax-jurisdiction-code",
               "type":"string",
               "title":"The Tax-jurisdiction-code Schema",
               "default":"",
               "examples":[
                  "123456789"
               ],
               "minLength":1,
               "maxLength":15
            },
            "e-mail-address":{
               "$id":"/properties/order/properties/partner/properties/e-mail-address",
               "type":"string",
               "title":"The E-mail-address Schema",
               "default":"",
               "examples":[
                  "XYZ@GMAIL.COM"
               ],
               "minLength":1,
               "maxLength":10
            },
            "lang":{
               "$id":"/properties/order/properties/partner/properties/lang",
               "type":"string",
               "title":"The Lang Schema",
               "default":"",
               "examples":[
                  "EN"
               ],
               "minLength":1,
               "maxLength":2
            }
         }
      }
   },
   "$schema":"http://json-schema.org/draft-07/schema#",
   "properties":{

                 "sold-to":{

               "$ref":"#/definitions/partner"
            },
            "ship-to":{

               "$ref":"#/definitions/partner"
            },
            "bill-to":{

               "$ref":"#/definitions/partner"
            },
            "payer":{

               "$ref":"#/definitions/partner"
            },
            "sponsor":{

               "$ref":"#/definitions/partner"
            
            },
                          "card":{
               "$id":"/properties/order/properties/card",
               "type":"object",
               "properties":{
                  "type":{
                     "$id":"/properties/order/properties/card/properties/type",
                     "type":"string",
                     "title":"The Type Schema",
                     "default":"",
                     "examples":[
                        "VISA"
                     ],
                     "minLength":1,
                     "maxLength":4
                  },
                  "num":{
                     "$id":"/properties/order/properties/card/properties/num",
                     "type":"string",
                     "title":"The Num Schema",
                     "default":"",
                     "examples":[
                        "474747******4747"
                     ],
                     "minLength":1,
                     "maxLength":25
                  },
                  "name":{
                     "$id":"/properties/order/properties/card/properties/name",
                     "type":"string",
                     "title":"The Name Schema",
                     "default":"",
                     "examples":[
                        "Aumji Bhaumji"
                     ],
                     "minLength":1,
                     "maxLength":40
                  },
                  "valid-upto":{
                     "$id":"/properties/order/properties/card/properties/valid-upto",
                     "type":"string",
                     "title":"The Valid-upto Schema",
                     "default":"",
                     "examples":[
                        "20251031"
                     ],
                     "minLength":1,
                     "maxLength":8
                  },
                  "auth-flag":{
                     "$id":"/properties/order/properties/card/properties/auth-flag",
                     "type":"boolean",
                     "title":"The Auth-flag Schema",
                     "default":false,
                     "examples":[
                        true
                     ]
                  },
                  "autherized-amt":{
                     "$id":"/properties/order/properties/card/properties/autherized-amt",
                     "type":"string",
                     "title":"The Autherized-amt Schema",
                     "default":"",
                     "examples":[
                        "150.0000"
                     ],
                     "minLength":1,
                     "maxLength":25
                  },
                  "currency":{
                     "$id":"/properties/order/properties/card/properties/currency",
                     "type":"string",
                     "title":"The Currency Schema",
                     "default":"",
                     "examples":[
                        "AUD"
                     ],
                     "minLength":1,
                     "maxLength":3
                  },
                  "autherization-date":{
                     "$id":"/properties/order/properties/card/properties/autherization-date",
                     "type":"string",
                     "title":"The Autherization-date Schema",
                     "default":"",
                     "examples":[
                        "20180215"
                     ],
                     "minLength":1,
                     "maxLength":18
                  },
                  "autherization-number":{
                     "$id":"/properties/order/properties/card/properties/autherization-number",
                     "type":"string",
                     "title":"The Autherization-number Schema",
                     "default":"",
                     "examples":[
                        "831000"
                     ],
                     "minLength":1,
                     "maxLength":10
                  },
                  "autherization-ref":{
                     "$id":"/properties/order/properties/card/properties/autherization-ref",
                     "type":"string",
                     "title":"The Autherization-ref Schema",
                     "default":"",
                     "examples":[
                        "518653166839693"
                     ],
                     "minLength":1,
                     "maxLength":15
                  },
                  "auth-check-resp":{
                     "$id":"/properties/order/properties/card/properties/auth-check-resp",
                     "type":"string",
                     "title":"The Auth-check-resp Schema",
                     "default":"",
                     "examples":[
                        "A"
                     ],
                     "minLength":1,
                     "maxLength":1
                  },
                  "status":{
                     "$id":"/properties/order/properties/card/properties/status",
                     "type":"string",
                     "title":"The Status Schema",
                     "default":"",
                     "examples":[
                        "C"
                     ],
                     "minLength":1,
                     "maxLength":1
                  },
                  "auth-type":{
                     "$id":"/properties/order/properties/card/properties/auth-type",
                     "type":"string",
                     "title":"The Auth-type Schema",
                     "default":"",
                     "examples":[
                        "A"
                     ],
                     "minLength":1,
                     "maxLength":1
                  },
                  "auth-resp":{
                     "$id":"/properties/order/properties/card/properties/auth-resp",
                     "type":"string",
                     "title":"The Auth-resp Schema",
                     "default":"",
                     "examples":[
                        "A"
                     ],
                     "minLength":1,
                     "maxLength":40
                  }
               }
                          },
                                  "idoc-control":{
         "$id":"/properties/idoc-control",
         "type":"object",
         "properties":{
            "idoc-type":{
               "$id":"/properties/idoc-control/properties/idoc-type",
               "type":"string",
               "title":"The Idoc-type Schema",
               "default":"",
               "examples":[
                  "SALESORDER_CREATEFROMDAT202"
               ],
               "minLength":1,
               "maxLength":30
            },
            "message-type":{
               "$id":"/properties/idoc-control/properties/message-type",
               "type":"string",
               "title":"The Message-type Schema",
               "default":"",
               "examples":[
                  "SALESORDER_CREATEFROMDAT2"
               ],
               "minLength":1,
               "maxLength":30
            },
            "sender-partner":{
               "$id":"/properties/idoc-control/properties/sender-partner",
               "type":"object",
               "properties":{
                  "port":{
                     "$id":"/properties/idoc-control/properties/sender-partner/properties/port",
                     "type":"string",
                     "title":"The Port Schema",
                     "default":"",
                     "examples":[
                        "SAPEQ2"
                     ],
                     "minLength":1,
                     "maxLength":10
                  },
                  "type":{
                     "$id":"/properties/idoc-control/properties/sender-partner/properties/type",
                     "type":"string",
                     "title":"The Type Schema",
                     "default":"",
                     "examples":[
                        "LS"
                     ],
                     "minLength":1,
                     "maxLength":2
                  },
                  "number":{
                     "$id":"/properties/idoc-control/properties/sender-partner/properties/number",
                     "type":"string",
                     "title":"The Number Schema",
                     "default":"",
                     "examples":[
                        "EQ2CLNT100"
                     ],
                     "minLength":1,
                     "maxLength":10
                  }
               }
            },
            "receiver-partner":{
               "$id":"/properties/idoc-control/properties/receiver-partner",
               "type":"object",
               "properties":{
                  "port":{
                     "$id":"/properties/idoc-control/properties/receiver-partner/properties/port",
                     "type":"string",
                     "title":"The Port Schema",
                     "default":"",
                     "examples":[
                        "MULE"
                     ],
                     "minLength":1,
                     "maxLength":10
                  },
                  "type":{
                     "$id":"/properties/idoc-control/properties/receiver-partner/properties/type",
                     "type":"string",
                     "title":"The Type Schema",
                     "default":"",
                     "examples":[
                        "LS"
                     ],
                     "minLength":1,
                     "maxLength":2
                  },
                  "number":{
                     "$id":"/properties/idoc-control/properties/receiver-partner/properties/number",
                     "type":"string",
                     "title":"The Number Schema",
                     "default":"",
                     "examples":[
                        "MSQAST"
                     ],
                     "minLength":1,
                     "maxLength":10
                  }
               }
            }
         }
      },
      "order":{
         "$id":"/properties/order",
         "type":"object",
         "properties":{
            "sales-ord-num":{
               "$id":"/properties/order/properties/sales-ord-num",
               "type":"string",
               "title":"The Sales-ord-num Schema",
               "default":"",
               "examples":[
                  "SALESDOCUMENTINDATA"
               ],
               "minLength":1,
               "maxLength":10
            },
            "header":{
               "$id":"/properties/order/properties/header",
               "type":"object",
               "properties":{
                  "source-ref":{
                     "$id":"/properties/order/properties/header/properties/source-ref",
                     "type":"string",
                     "title":"The Source-ref Schema",
                     "default":"",
                     "examples":[
                        "5gg532ac45"
                     ],
                     "minLength":1,
                     "maxLength":12
                  },
                  "obj-key":{
                     "$id":"/properties/order/properties/header/properties/obj-key",
                     "type":"string",
                     "title":"The Obj-key Schema",
                     "default":"",
                     "examples":[
                        "2000374715"
                     ],
                     "minLength":1,
                     "maxLength":70
                  },
                  "order-type":{
                     "$id":"/properties/order/properties/header/properties/order-type",
                     "type":"string",
                     "title":"The Order-type Schema",
                     "default":"",
                     "examples":[
                        "TA"
                     ],
                     "minLength":1,
                     "maxLength":4
                  },
                  "sales-org":{
                     "$id":"/properties/order/properties/header/properties/sales-org",
                     "type":"string",
                     "title":"The Sales-org Schema",
                     "default":"",
                     "examples":[
                        "3010"
                     ],
                     "minLength":1,
                     "maxLength":4
                  },
                  "distribution-channel":{
                     "$id":"/properties/order/properties/header/properties/distribution-channel",
                     "type":"string",
                     "title":"The Distribution-channel Schema",
                     "default":"",
                     "examples":[
                        "10"
                     ],
                     "minLength":1,
                     "maxLength":2
                  },
                  "division":{
                     "$id":"/properties/order/properties/header/properties/division",
                     "type":"string",
                     "title":"The Division Schema",
                     "default":"",
                     "examples":[
                        "10"
                     ],
                     "minLength":1,
                     "maxLength":2
                  },
                  "required-date":{
                     "$id":"/properties/order/properties/header/properties/required-date",
                     "type":"string",
                     "title":"The Required-date Schema",
                     "default":"",
                     "examples":[
                        "00000000"
                     ],
                     "minLength":1,
                     "maxLength":8
                  },
                  "reason":{
                     "$id":"/properties/order/properties/header/properties/reason",
                     "type":"string",
                     "title":"The Reason Schema",
                     "default":"",
                     "examples":[
                        "Z27"
                     ],
                     "minLength":1,
                     "maxLength":3
                  },
                  "price-date":{
                     "$id":"/properties/order/properties/header/properties/price-date",
                     "type":"string",
                     "title":"The Price-date Schema",
                     "default":"",
                     "examples":[
                        "20180215"
                     ],
                     "minLength":1,
                     "maxLength":8
                  },
                  "doc-date":{
                     "$id":"/properties/order/properties/header/properties/doc-date",
                     "type":"string",
                     "title":"The Doc-date Schema",
                     "default":"",
                     "examples":[
                        "20180215"
                     ],
                     "minLength":1,
                     "maxLength":8
                  },
                  "currency":{
                     "$id":"/properties/order/properties/header/properties/currency",
                     "type":"string",
                     "title":"The Currency Schema",
                     "default":"",
                     "examples":[
                        "AUD"
                     ],
                     "minLength":1,
                     "maxLength":3
                  },
                  "ref-order":{
                     "$id":"/properties/order/properties/header/properties/ref-order",
                     "type":"string",
                     "title":"The Ref-order Schema",
                     "default":"",
                     "examples":[
                        "refdocdata"
                     ],
                     "minLength":1,
                     "maxLength":10
                  },
                  "ref-ord-cat":{
                     "$id":"/properties/order/properties/header/properties/ref-ord-cat",
                     "type":"string",
                     "title":"The Ref-ord-cat Schema",
                     "default":"",
                     "examples":[
                        "refdoccatdata"
                     ],
                     "minLength":1,
                     "maxLength":1
                  },
                  "payment-method":{
                     "$id":"/properties/order/properties/header/properties/payment-method",
                     "type":"string",
                     "title":"The Payment-method Schema",
                     "default":"",
                     "examples":[
                        "paymentmethoddata"
                     ],
                     "minLength":1,
                     "maxLength":4
                  },
                  "purchase-date":{
                     "$id":"/properties/order/properties/header/properties/purchase-date",
                     "type":"string",
                     "title":"The Purchase-date Schema",
                     "default":"",
                     "examples":[
                        "20160202"
                     ],
                     "minLength":1,
                     "maxLength":8
                  },
                  "incoterms1":{
                     "$id":"/properties/order/properties/header/properties/incoterms1",
                     "type":"string",
                     "title":"The Incoterms1 Schema",
                     "default":"",
                     "examples":[
                        "CFR"
                     ],
                     "minLength":1,
                     "maxLength":3
                  },
                  "incoterms2":{
                     "$id":"/properties/order/properties/header/properties/incoterms2",
                     "type":"string",
                     "title":"The Incoterms2 Schema",
                     "default":"",
                     "examples":[
                        "CHN"
                     ],
                     "minLength":1,
                     "maxLength":28
                  },
                  "payment-term":{
                     "$id":"/properties/order/properties/header/properties/payment-term",
                     "type":"string",
                     "title":"The Payment-term Schema",
                     "default":"",
                     "examples":[
                        "0001"
                     ],
                     "minLength":1,
                     "maxLength":4
                  },
                  "complete-delivery":{
                     "$id":"/properties/order/properties/header/properties/complete-delivery",
                     "type":"boolean",
                     "title":"The Complete-delivery Schema",
                     "default":false,
                     "examples":[
                        true
                     ]
                  },
                  "cust-purchase-order":{
                     "$id":"/properties/order/properties/header/properties/cust-purchase-order",
                     "type":"string",
                     "title":"The Cust-purchase-order Schema",
                     "default":"",
                     "examples":[
                        "1234567891"
                     ],
                     "minLength":1,
                     "maxLength":35
                  },
                  "doc-cat":{
                     "$id":"/properties/order/properties/header/properties/doc-cat",
                     "type":"string",
                     "title":"The Doc-cat Schema",
                     "default":"",
                     "examples":[
                        "C"
                     ],
                     "minLength":1,
                     "maxLength":1
                  },
                  "shipping-cond":{
                     "$id":"/properties/order/properties/header/properties/shipping-cond",
                     "type":"string",
                     "title":"The Shipping-cond Schema",
                     "default":"",
                     "examples":[
                        "Z1"
                     ],
                     "minLength":1,
                     "maxLength":2
                  },
                  "cust-name":{
                     "$id":"/properties/order/properties/header/properties/cust-name",
                     "type":"string",
                     "title":"The Cust-name Schema",
                     "default":"",
                     "examples":[
                        "1234567890123"
                     ],
                     "minLength":1,
                     "maxLength":35
                  },
                  "alt-tax-classification":{
                     "$id":"/properties/order/properties/header/properties/alt-tax-classification",
                     "type":"string",
                     "title":"The Alt-tax-classification Schema",
                     "default":"",
                     "examples":[
                        "0"
                     ],
                     "minLength":1,
                     "maxLength":1
                  },
                  "commission-date":{
                     "$id":"/properties/order/properties/header/properties/commission-date",
                     "type":"string",
                     "title":"The Commission-date Schema",
                     "default":"",
                     "examples":[
                        "20180502"
                     ],
                     "minLength":1,
                     "maxLength":8
                  },
                  "test":{
                     "$id":"/properties/order/properties/header/properties/test",
                     "type":"boolean",
                     "title":"The Test Schema",
                     "default":false,
                     "examples":[
                        false
                     ]
                  }
               }
            },
            "item":{
               "$id":"/properties/order/properties/item",
               "type":"array",
               "items":{
                  "$id":"/properties/order/properties/item/items",
                  "type":"object",
                  "properties":{
                     "item-num":{
                        "$id":"/properties/order/properties/item/items/properties/item-num",
                        "type":"string",
                        "title":"The Item-num Schema",
                        "default":"",
                        "examples":[
                           "100"
                        ],
                        "minLength":1,
                        "maxLength":6
                     },
                     "material":{
                        "$id":"/properties/order/properties/item/items/properties/material",
                        "type":"string",
                        "title":"The Material Schema",
                        "default":"",
                        "examples":[
                           "ENHEFG1-02"
                        ],
                        "minLength":1,
                        "maxLength":18
                     },
                     "plant":{
                        "$id":"/properties/order/properties/item/items/properties/plant",
                        "type":"string",
                        "title":"The Plant Schema",
                        "default":"",
                        "examples":[
                           "3010"
                        ],
                        "minLength":1,
                        "maxLength":4
                     },
                     "target-qty":{
                        "$id":"/properties/order/properties/item/items/properties/target-qty",
                        "type":"string",
                        "title":"The Target-qty Schema",
                        "default":"",
                        "examples":[
                           "123"
                        ],
                        "minLength":1,
                        "maxLength":15
                     },
                     "description":{
                        "$id":"/properties/order/properties/item/items/properties/description",
                        "type":"string",
                        "title":"The Description Schema",
                        "default":"",
                        "examples":[
                           "TEST123"
                        ],
                        "minLength":1,
                        "maxLength":40
                     },
                     "cust-purchase-order":{
                        "$id":"/properties/order/properties/item/items/properties/cust-purchase-order",
                        "type":"string",
                        "title":"The Cust-purchase-order Schema",
                        "default":"",
                        "examples":[
                           "1234567891"
                        ],
                        "minLength":1,
                        "maxLength":35
                     },
                     "cust-purchase-date":{
                        "$id":"/properties/order/properties/item/items/properties/cust-purchase-date",
                        "type":"string",
                        "title":"The Cust-purchase-date Schema",
                        "default":"",
                        "examples":[
                           "20160202"
                        ],
                        "minLength":1,
                        "maxLength":8
                     },
                     "pricing-grp":{
                        "$id":"/properties/order/properties/item/items/properties/pricing-grp",
                        "type":"string",
                        "title":"The Pricing-grp Schema",
                        "default":"",
                        "examples":[
                           "01"
                        ],
                        "minLength":1,
                        "maxLength":2
                     },
                     "cust-grp":{
                        "$id":"/properties/order/properties/item/items/properties/cust-grp",
                        "type":"string",
                        "title":"The Cust-grp Schema",
                        "default":"",
                        "examples":[
                           "01"
                        ],
                        "minLength":1,
                        "maxLength":2
                     },
                     "incoterms1":{
                        "$id":"/properties/order/properties/item/items/properties/incoterms1",
                        "type":"string",
                        "title":"The Incoterms1 Schema",
                        "default":"",
                        "examples":[
                           "CFR"
                        ],
                        "minLength":1,
                        "maxLength":3
                     },
                     "incoterms2":{
                        "$id":"/properties/order/properties/item/items/properties/incoterms2",
                        "type":"string",
                        "title":"The Incoterms2 Schema",
                        "default":"",
                        "examples":[
                           "CHN"
                        ],
                        "minLength":1,
                        "maxLength":28
                     },
                     "payment-term":{
                        "$id":"/properties/order/properties/item/items/properties/payment-term",
                        "type":"string",
                        "title":"The Payment-term Schema",
                        "default":"",
                        "examples":[
                           "0001"
                        ],
                        "minLength":1,
                        "maxLength":4
                     },
                     "payment-method":{
                        "$id":"/properties/order/properties/item/items/properties/payment-method",
                        "type":"string",
                        "title":"The Payment-method Schema",
                        "default":"",
                        "examples":[
                           "C"
                        ],
                        "minLength":1,
                        "maxLength":1
                     },
                     "uom":{
                        "$id":"/properties/order/properties/item/items/properties/uom",
                        "type":"string",
                        "title":"The Uom Schema",
                        "default":"",
                        "examples":[
                           "EA"
                        ],
                        "minLength":1,
                        "maxLength":3
                     },
                     "rejection-reason":{
                        "$id":"/properties/order/properties/item/items/properties/rejection-reason",
                        "type":"string",
                        "title":"The Rejection-reason Schema",
                        "default":"",
                        "examples":[
                           "XXXX"
                        ],
                        "minLength":1,
                        "maxLength":1
                     },
                     "free":{
                        "$id":"/properties/order/properties/item/items/properties/free",
                        "type":"boolean",
                        "title":"The Free Schema",
                        "default":false,
                        "examples":[
                           false
                        ]
                     },
                     "customer-order":{
                        "$id":"/properties/order/properties/item/items/properties/customer-order",
                        "type":"object",
                        "properties":{
                           "num":{
                              "$id":"/properties/order/properties/item/items/properties/customer-order/properties/num",
                              "type":"string",
                              "title":"The Num Schema",
                              "default":"",
                              "examples":[
                                 "1234567891"
                              ],
                              "minLength":1,
                              "maxLength":35
                           },
                           "date":{
                              "$id":"/properties/order/properties/item/items/properties/customer-order/properties/date",
                              "type":"string",
                              "title":"The Date Schema",
                              "default":"",
                              "examples":[
                                 "20160202"
                              ],
                              "minLength":1,
                              "maxLength":8
                           },
                           "item-num":{
                              "$id":"/properties/order/properties/item/items/properties/customer-order/properties/item-num",
                              "type":"string",
                              "title":"The Item-num Schema",
                              "default":"",
                              "examples":[
                                 "10"
                              ],
                              "minLength":1,
                              "maxLength":6
                           }
                        }
                     },
                     "delivery-schedule":{
                        "$id":"/properties/order/properties/item/items/properties/delivery-schedule",
                        "type":"array",
                        "items":{
                           "$id":"/properties/order/properties/item/items/properties/delivery-schedule/items",
                           "type":"object",
                           "properties":{
                              "req-date":{
                                 "$id":"/properties/order/properties/item/items/properties/delivery-schedule/items/properties/req-date",
                                 "type":"string",
                                 "title":"The Req-date Schema",
                                 "default":"",
                                 "examples":[
                                    "20180102"
                                 ],
                                 "minLength":1,
                                 "maxLength":8
                              },
                              "req-qty":{
                                 "$id":"/properties/order/properties/item/items/properties/delivery-schedule/items/properties/req-qty",
                                 "type":"string",
                                 "title":"The Req-qty Schema",
                                 "default":"",
                                 "examples":[
                                    "2"
                                 ],
                                 "minLength":1,
                                 "maxLength":15
                              }
                           }
                        }
                     },
                     "pricing":{
                        "$id":"/properties/order/properties/item/items/properties/pricing",
                        "type":"object",
                        "properties":{
                           "shipping":{
                              "$id":"/properties/order/properties/item/items/properties/pricing/properties/shipping",
                              "type":"string",
                              "title":"The Shipping Schema",
                              "default":"",
                              "examples":[
                                 "100"
                              ],
                              "minLength":1,
                              "maxLength":31
                           },
                           "handling":{
                              "$id":"/properties/order/properties/item/items/properties/pricing/properties/handling",
                              "type":"string",
                              "title":"The Handling Schema",
                              "default":"",
                              "examples":[
                                 "5"
                              ],
                              "minLength":1,
                              "maxLength":31
                           },
                           "shipping-tax":{
                              "$id":"/properties/order/properties/item/items/properties/pricing/properties/shipping-tax",
                              "type":"string",
                              "title":"The Shipping-tax Schema",
                              "default":"",
                              "examples":[
                                 "4"
                              ],
                              "minLength":1,
                              "maxLength":31
                           },
                           "handling-tax":{
                              "$id":"/properties/order/properties/item/items/properties/pricing/properties/handling-tax",
                              "type":"string",
                              "title":"The Handling-tax Schema",
                              "default":"",
                              "examples":[
                                 "6"
                              ],
                              "minLength":1,
                              "maxLength":31
                           },
                           "base-price":{
                              "$id":"/properties/order/properties/item/items/properties/pricing/properties/base-price",
                              "type":"string",
                              "title":"The Base-price Schema",
                              "default":"",
                              "examples":[
                                 "3000"
                              ],
                              "minLength":1,
                              "maxLength":31
                           },
                           "discount-value":{
                              "$id":"/properties/order/properties/item/items/properties/pricing/properties/discount-value",
                              "type":"string",
                              "title":"The Discount-value Schema",
                              "default":"",
                              "examples":[
                                 "90"
                              ],
                              "minLength":1,
                              "maxLength":31
                           },
                           "discount-percent":{
                              "$id":"/properties/order/properties/item/items/properties/pricing/properties/discount-percent",
                              "type":"string",
                              "title":"The Discount-percent Schema",
                              "default":"",
                              "examples":[
                                 "6"
                              ],
                              "minLength":1,
                              "maxLength":31
                           },
                           "cv-total":{
                              "$id":"/properties/order/properties/item/items/properties/pricing/properties/cv-total",
                              "type":"string",
                              "title":"The Cv-total Schema",
                              "default":"",
                              "examples":[
                                 "3000"
                              ],
                              "minLength":1,
                              "maxLength":31
                           },
                           "qv-total":{
                              "$id":"/properties/order/properties/item/items/properties/pricing/properties/qv-total",
                              "type":"string",
                              "title":"The Qv-total Schema",
                              "default":"",
                              "examples":[
                                 "2000"
                              ],
                              "minLength":1,
                              "maxLength":31
                           },
                           "tax":{
                              "$id":"/properties/order/properties/item/items/properties/pricing/properties/tax",
                              "type":"string",
                              "title":"The Tax Schema",
                              "default":"",
                              "examples":[
                                 "3"
                              ],
                              "minLength":1,
                              "maxLength":31
                           }
                        }
                     }
                  }
               }
            }}}
   
   }
}